{"cameraMode":{"drawMode":0,"name":"Shaded","section":"Shading Mode"},"sceneLighting":true,"audioPlay":false,"sceneViewState":{"m_AlwaysRefresh":false,"showFog":true,"showSkybox":true,"showFlares":true,"showImageEffects":true,"showParticleSystems":true,"showVisualEffectGraphs":true,"m_FxEnabled":true},"in2DMode":false,"pivot":{"x":3.513852596282959,"y":0.06657445430755615,"z":-3.5129384994506838},"rotation":{"x":-0.06582098454236984,"y":0.9296333193778992,"z":-0.20428460836410523,"w":-0.2995297312736511},"size":4.066662788391113,"orthographic":false}