{"cameraMode":{"drawMode":0,"name":"Shaded","section":"Shading Mode"},"sceneLighting":false,"audioPlay":false,"sceneViewState":{"m_AlwaysRefresh":false,"showFog":false,"showSkybox":false,"showFlares":false,"showImageEffects":false,"showParticleSystems":false,"showVisualEffectGraphs":true,"m_FxEnabled":true},"in2DMode":false,"pivot":{"x":-0.08586311340332031,"y":2.3976662158966066,"z":1.6318745613098145},"rotation":{"x":0.16486740112304688,"y":0.7329608798027039,"z":-0.19130688905715943,"w":0.6316622495651245},"size":5.473060131072998,"orthographic":false}