{"cameraMode":{"drawMode":0,"name":"Shaded","section":"Shading Mode"},"sceneLighting":true,"audioPlay":false,"sceneViewState":{"m_AlwaysRefresh":false,"showFog":true,"showSkybox":true,"showFlares":true,"showImageEffects":true,"showParticleSystems":true,"showVisualEffectGraphs":true,"m_FxEnabled":true},"in2DMode":false,"pivot":{"x":1.3498746156692505,"y":0.9225422143936157,"z":3.1847407817840578},"rotation":{"x":0.20357218384742738,"y":-0.6875594258308411,"z":0.21066619455814362,"w":0.6644330620765686},"size":14.088923454284668,"orthographic":false}