{"cameraMode":{"drawMode":0,"name":"Shaded","section":"Shading Mode"},"sceneLighting":true,"audioPlay":false,"sceneViewState":{"m_AlwaysRefresh":false,"showFog":true,"showSkybox":true,"showFlares":true,"showImageEffects":true,"showParticleSystems":true,"showVisualEffectGraphs":true,"m_FxEnabled":true},"in2DMode":false,"pivot":{"x":14.577542304992676,"y":12.680170059204102,"z":0.1503528356552124},"rotation":{"x":0.16676609218120576,"y":-0.5810966491699219,"z":0.1231347844004631,"w":0.7870162129402161},"size":7.714978218078613,"orthographic":false}