{"cameraMode":{"drawMode":0,"name":"Shaded","section":"Shading Mode"},"sceneLighting":true,"audioPlay":false,"sceneViewState":{"m_AlwaysRefresh":false,"showFog":true,"showSkybox":true,"showFlares":true,"showImageEffects":true,"showParticleSystems":true,"showVisualEffectGraphs":true,"m_FxEnabled":true},"in2DMode":false,"pivot":{"x":3.904369831085205,"y":1.0144050121307374,"z":0.8413990139961243},"rotation":{"x":0.14363257586956025,"y":0.14931827783584596,"z":-0.02191820740699768,"w":0.9780743718147278},"size":8.487286567687989,"orthographic":true}