{"cameraMode":{"drawMode":0,"name":"Shaded","section":"Shading Mode"},"sceneLighting":true,"audioPlay":false,"sceneViewState":{"m_AlwaysRefresh":false,"showFog":true,"showSkybox":true,"showFlares":true,"showImageEffects":true,"showParticleSystems":true,"showVisualEffectGraphs":true,"m_FxEnabled":true},"in2DMode":false,"pivot":{"x":9.616497039794922,"y":-6.691389083862305,"z":23.27711296081543},"rotation":{"x":-0.17516328394412995,"y":-0.11579006165266037,"z":0.020745117217302324,"w":-0.9775174856185913},"size":29.045339584350587,"orthographic":false}