{"cameraMode":{"drawMode":0,"name":"Shaded","section":"Shading Mode"},"sceneLighting":false,"audioPlay":false,"sceneViewState":{"m_AlwaysRefresh":false,"showFog":false,"showSkybox":false,"showFlares":false,"showImageEffects":false,"showParticleSystems":false,"showVisualEffectGraphs":true,"m_FxEnabled":true},"in2DMode":false,"pivot":{"x":0.07999999821186066,"y":1.399999976158142,"z":0.07999999821186066},"rotation":{"x":0.1114705428481102,"y":0.7500777244567871,"z":-0.13092631101608277,"w":0.6386106610298157},"size":0.8660253882408142,"orthographic":false}